sequence,fitness
TSTKQKSTSVV,7.0
PRTNQKSAGAL,9.371714889774395
TSTNQKSAGAL,7.0
TSANPDFTSAV,8.234773074134894
PSTNPKSAGAV,8.729654907230335
PRAKPDFASAV,9.482809891830188
TSANQDFTSVV,8.241438649633489
TSTNPDFTSAV,8.194729168013632
PRAKQDSTGAV,9.434614217697504
PSTKQDFASVL,9.287324600734422
PSTKPKFAGAL,9.412043515659448
TRAKPKSASAL,7.593852699516143
TSTNPDSTGAL,7.0
PSTNPKFASVV,9.424675412079724
TRANPKSTGVL,9.250878537922084
TSAKQDSAGAL,7.0
PRTNQKFASAV,9.537787568031025
PRTKPDSAGVL,9.444906090337396
TRANPKFTSVV,8.920395809734352
TRAKQKFTGVL,9.427342496752692
TSTNQKFTGAV,8.650826525482325
TSTNPKSASAL,7.0
PSAKPDSAGVV,9.289298416410386
PSANQKSASAL,7.321890769805759
TSANQKFAGAL,8.508625030797356
PSANPDSTSVV,8.394389326717537
PSAKQDSTSVV,8.795474279127097
PRAKQKSASAL,9.365940812365857
TRTKQDFTSAV,9.402673722404078
PSAKPDFTSVV,9.313310462556784
TSTKPKFAGVV,8.832793144050802
PSTKPDSAGVL,9.234175525530311
PRAKPDSASVL,9.39432929147817
TSTKPDFTSVL,8.275756186179967
PRTNPDSTGVL,9.379065027253269
PRAKPDFTSAV,9.473724526285231
TSAKQKFASAL,8.752154233775308
PSAKPDSTSAV,8.416484527958145
TSAKPKSTGVL,8.828923337103916
TSANQKSASVL,7.0
TSANQDFTSAL,7.958844906870341
TSTKPKSAGVL,8.004302289548372
TSTNPKSASAV,7.0
PSTKQKSTSVL,8.599644025530418
TRAKQKFAGVL,9.325880942457196
TRANPDFASAV,9.357399287652433
TRAKQDFTSVV,9.454710592307652
TRTNQDFASVL,9.337999953754766
PRTKQKSASVL,9.457627312958644
PRTNQDSTGAV,9.342408892098694
TRANPDFTSAV,9.400255330353897
PSTNPDSTSAL,8.104579534679205
PSANPKSTSAL,7.659886986103622
PRANQKSAGAV,9.454098391204644
TSANPDSTSVV,7.0
TRTKQDSAGVV,9.3070236108361
PSAKPDFASVL,9.26586336834094
PSAKQDSAGVL,9.184724236541635
PRAKQKFTGVV,9.5852166687222
PSANPDSASVL,8.37597571636154
TSTNQDSAGVV,7.0
TSTKPDFAGVV,9.151441310603284
PSTKQKSAGVV,9.248615491076066
PSANQDFTSAL,9.132672734556095
PRANPKFTGVL,9.533166874842925
PRTNQDSASAL,9.266205740061515
PSTKQKSTSAL,8.255529325104312
TSTNQDSTSVL,7.0
TSANQDSTGVV,8.037178308832384
PSTNPDFASVL,9.238146968214808
TRANQDFASVL,9.318364854253662
PSTKQDSASVL,8.621017492507205
TSTKPKFASVV,8.864980710585316
TSAKQDFASVV,8.697560846365873
PSTKPKSASAL,8.030481191983904
TSTKQKSAGVV,7.672849462792199
PRTNPDFTSAV,9.419314548238663
PSTNPDFASVV,9.230310723307603
PRANPDFAGAV,9.463261766354094
PSAKQKFASVL,9.458606774256602
PRTKPKFTGVL,9.553420772637365
TRTKQKFTGVV,9.46801002368634
TSANQDFASAL,8.405686104835512
TRTKPKFASAV,9.188573721667352
PSANQDSTSVV,8.463137000724222
TSTNQKFAGAV,8.63628726986008
TRTKQKSASVV,8.28405242089046
PRANQKSTSVL,9.410028995269636
PSANPDFTSAL,9.10833626828528
PSAKPKSTSAL,8.156786412108985
TRTNQDFAGVV,9.38910720045609
PRAKQKSTGAL,9.486519922720182
TRAKQDFASVL,9.38973443982385
PRAKPKSAGVL,9.43129717210601
TRTKQKSTSVL,8.654639475577532
TRTKPDSTSAL,8.25953155932276
TSANQDFAGVV,9.008126653760804
TRTNPDSASAL,8.095859789511872
TSANPDFASAL,8.383176566662668
PRAKPDSTGVL,9.43313573133117
TRTNPDFAGAV,9.331382263852952
PSAKQKFASVV,9.496608139938989
PSAKQDFAGAL,9.31536325323462
TRAKQKSTGVL,9.377569900937376
TRANPDSASAV,8.489888701420794
PSAKPKFASVL,9.425417257352985
TRANPDFTGVL,9.2835380825835
PRTKPDSTSVV,9.409268580601609
TSTKPDSAGAL,7.0
TSTNQDSTGAV,7.0
PRTKQKSTGAL,9.515751190055065
TSANPKSTGVL,8.639242454057415
TSTKPKSASAL,7.0
PSTNPDSTGVV,9.173597038380263
PSTNQDSASVV,8.563768619520124
TRTKQDSAGVL,9.148614484541891
TRTKQKSAGVL,8.434366065963651
PRAKQDSTSAV,9.4749559909063
TSANQDFASVL,8.291897233198853
TRTKPDFAGVL,9.395793890054444
PSAKPKSAGVL,9.156663495098428
TSANQDSAGVV,7.0
PRTKQDSASVV,9.404369199829912
TSAKPDFAGAV,9.151706626645648
PRANPKSASAV,9.343733658438842
PRTNQKFASVV,9.487897423459858
PRANQKSASAL,9.236964692737567
TRTNQKSAGAV,7.6758216019201075
PSTKPKFAGVV,9.46880203771222
TRTNQDSASAV,8.372856389178942
TRTKPDFTSVV,9.397651911717986
TRTNQKSAGVL,7.996249042316018
PRTKQDFASVL,9.474167421110437
TRTNPKFTGAV,8.988702508913256
PSAKQDFTSVV,9.298110713129145
PRTKPKSAGAV,9.503411608434702
TRAKPKFAGVL,9.324919523729852
TRTKQDSTGAV,9.147548068111975
PSANQDSTGAV,8.952802483410585
TRTNPKSTSVV,8.463032934333214
PRAKQDSTGAL,9.39667483212585
TRTKQDFASVL,9.388944372691634
PRAKPDFAGVL,9.482918987950825
TSANPKFAGVV,8.472361302828935
PSTKQKFASVL,9.454441944390853
TSAKQDFAGAL,8.97220033647123
TSTKQDFAGAL,9.083071969462218
PSANPKSASVV,8.341219611901453
TSTKPDSTGAV,7.0
TSTNQDSAGAL,7.0
PSTNPDFAGAV,9.302731631156464
PSANPDFTSVL,9.219494979779668
TSTKPDSAGAV,7.0
TRAKPKFTGVL,9.445089176334395
TSANPDSTSAL,7.0
TSANQKSASAV,7.0
PRAKPKSTSAV,9.530911016582516
PSTKPDFTSAV,9.290406768392812
PRTKPKSTSAL,9.379222163358724
TRAKPKSTGAL,8.544419219582094
PRAKPKFAGVL,9.560184558352864
PSAKQDFAGAV,9.398599157006789
PSANPDFASVL,9.214693169182471
PRAKQKFTGVL,9.539391323295632
TSANQDSASVV,7.0
PSANPKSTGAL,8.467376588616206
TRTKPKFASVV,9.249491156571205
TRAKQDSTGVL,9.387703550270016
PSTNQKFTGAV,9.449573160760758
PSAKQDFASVL,9.289631848128186
TRAKQDFAGVL,9.394837242414203
PRAKQDSAGVV,9.475609849702057
TRANPDSTGAV,8.828422419227488
PRTNPDSTGVV,9.38402433797571
PSANPDSAGAV,9.013650392358636
PSTNPKFASVL,9.357164125910776
PRAKPKSASAV,9.455342392346688
TRANQDSTGVL,9.322948507999383
PRTKPKFTGAL,9.544687372653206
TRTNQKFASVL,8.844454587802678
TRANPDSTGAL,8.79498191315109
PSAKQKSTGAL,8.644411687052932
TRTKQDFASAL,9.41695520522588
PSAKPDFTGVV,9.326792265844038
TRTNQDFTSAV,9.377775133511346
PRAKQKFASVL,9.531828210662962
PRANQKSASAV,9.364957813119306
PRTNQDSTSAL,9.322630934678974
PSTKPKFTGAL,9.442660407520536
TSANPDSAGVV,7.0
TRTNPDSTSVV,8.637009137946443
TRAKQDSTSAV,8.571893239718444
PRAKPKFASVV,9.548741881541694
TSAKPKFTGAL,8.875056169660004
PRANQDFAGVL,9.425716648573788
PSAKPDFASAL,9.26389752686072
PRTKQKFAGAV,9.604437548350027
PRTKPKSTGAL,9.514756529336704
PRANQKSASVL,9.3884468216209
TRANQDSTGAV,8.763419367585273
PSAKPKFAGAL,9.43098960713454
PSAKPKFTGVV,9.477609238205568
TRAKQKSTSVL,8.630410298809855
PSANPKSASVL,8.194426524756738
PRTKQKSAGAV,9.457955957833937
TSTNPDFASAV,8.73775042555656
TSANPDSASAL,7.0
PSANQKFASAV,9.436688675987872
PRTKQKSASAL,9.346913662540167
PRTKPKFAGVV,9.575790893205522
PSAKPKFASVV,9.489889876539335
TRANPDFAGVV,9.392127856004134
TSTNPDFASVV,8.598724549483604
PRTKQDFASVV,9.508168433959243
PRANQKFASAL,9.45384409660194
PRTNPDSASAV,9.372462538889602
PSTKQDSAGAL,9.103172692045597
PRTKQKSAGVL,9.488602025540866
TSTKPKSTGVV,8.920432894427929
TRANQDFASAL,9.36219280954824
PRANQKSTGAL,9.481258095543096
TRTNQDSASVL,8.420500044870499
PSANQKFTGVV,9.440063290536251
TRTKPKFTGAL,9.222552098414752
PRTNPKFASAV,9.534814355508672
PSTNPKSASVL,8.385214208098471
TSTKPKFAGAL,8.883099812747126
TSANPDSASAV,7.0
TRANQDSASVV,8.799382185700667
TSAKPKFTGVL,8.834708970236564
PSTKQDSTSAV,8.455751663764943
TSTKQDFTSAL,8.348382953153621
PRAKPDSASVV,9.420399258229502
PRAKPKFTGAV,9.549610329160766
PSTNQKSASVL,8.259755203591526
PRTKPKSAGVL,9.544103725432654
PSANQKFASVV,9.438829723272953
PRTKQKSASVV,9.493899003435308
TRAKPKSTSVL,8.683111923756314
TRTKQKFTGAL,9.236617877287204
PSANPKFTGAL,9.394060968518788
PRTKQDFASAV,9.478331793540214
PRTNQKSASAL,9.281665921455714
TSTNQKSAGVL,7.0
TRTNQKSTGAV,8.228045313479718
PSTKPDSTSVV,8.681731951115404
PRAKPDFASVV,9.488408629065438
PRANPKFAGAV,9.55135373606488
TRANPKFTGVV,9.32192249490228
TRAKPDFASAV,9.44390723556689
TSTKQKFTGVV,8.881473845489325
TRTNQKFAGAV,9.030921940048868
TRANPDSTGVV,9.360087626310898
PSAKPDFASAV,9.30977018529763
PRTNQKFAGAL,9.542904106171344
PSTNQDFASAV,9.239306722991316
PSTKPKFTGVV,9.45596760981505
TRTNPDSASAV,8.317402792685394
PRTKPDSTGAV,9.40198274361986
PRTNPKFTGVL,9.536276551017968
PSTNPDFAGVL,9.311150796754436
TRAKPDFASVV,9.41959503295086
PSAKPDFTGVL,9.295997909167262
TRTKPKFTGVL,9.49112265137215
PSAKPDSASAL,8.219225747306247
PRANQKFASVV,9.536280848699136
TSANPKSASAV,7.0
PSAKQDSAGVV,9.237867318834295
TSTNPKSAGAL,7.0
PSAKPKFTGAV,9.45348685971008
TSAKPKFAGAL,8.684919339169541
PRTKQKSAGVV,9.46778815568208
PSTNQKFTSAL,9.232748350166384
PRANQKFASAV,9.55947965410654
PRTNPDSTSAV,9.349796917383737
TSAKPDSTGAV,7.0
PRANQDFAGVV,9.45989644020577
PRTNPDFTSVL,9.3866232143235
PRAKPKFTSAL,9.484049029757646
TSAKQKSTGVV,8.738611121308248
PRANQKSAGVV,9.433315829100067
PSTNQDFTGAL,9.2128084487351
PSTNPKSASAL,7.824496728644896
PRAKPKFASAV,9.538718056899116
PSTNPKFTGVV,9.40011645778697
TSTNPDSTGVV,8.286998993455905
TRAKPDSAGVV,9.395869334327989
TRTKQDSTGVV,9.4092051365505
PRAKQDSTGVL,9.41769428888766
PSTKQDSAGVL,9.23427913939295
TRANPDFAGAL,9.35649620662388
PSANQKSAGAL,8.067471839003963
TRAKPDSASAV,8.618492692670957
PSTNQKFAGAV,9.437946134950344
TRAKPKFAGAV,9.274080150806656
TRTKQKFASAL,9.070498286466515
PSANPDFASVV,9.274221154385591
PSTKQDSTGVV,9.275300824508982
TRTKPKSTGVV,9.374786920175934
TSAKPDSTSVV,7.0
PSTNPDFAGAL,9.253851932761895
TSANQKFTGVV,8.633488527729758
TRAKQKFTSAV,9.397225659863128
TRAKPDSAGAL,8.86661247008511
PSTNPKSTSAL,8.09764918367834
PRTKQDSAGVL,9.407038139725644
PRTKPKSTGAV,9.53169380248857
TRTKPDSAGAL,8.958648118014347
TRANQKFASAL,8.837842583499503
PSTKPDFAGAL,9.320036131168033
TSTKQKFAGAL,8.91109541620182
PSTKQDSAGAV,9.20711257636899
PSTNQDSAGAL,9.011993974989034
PSAKQKSTSVL,8.577836405314406
TSTNQKSTGAL,7.0
PSTNQKSTGAV,8.882710423642482
PRTNPDFAGVL,9.442793539936142
PSANPKFASAL,9.34842471008024
PRTKPKFAGAV,9.587846956521403
TSTNQDSTSVV,7.0
PSTNPDSTGVL,9.155267247426496
TSAKPDSTSAV,7.0
TRAKPKFASAV,9.183545710375478
PRTNQDSTSVL,9.35376814226379
TSTNQDFTSAV,8.343026401063701
PRAKQKFAGVL,9.565554117672706
PSAKPKSASVL,8.38304637491023
PSAKPDFAGAV,9.354452468140217
TRTNPDFTSAL,9.332089428487002
TRANQDFTGVV,9.574495553365317
PRAKPKSAGVV,9.486709071619527
PRTNQKSTSAV,9.331376647096596
PSANPDSASAL,8.015581909231967
PSTNQDSTSAL,7.915787654234752
TSTKQKFTGVL,8.971280622062345
TSAKQDSASAL,7.0
TSTKPKFAGAV,8.969180235592454
TRANQKFTGAV,9.06434384777471
TRAKPKFTGVV,9.5138014221649
TSTNQKSTSAL,7.0
PRANQDSASAL,9.297208879192196
PSTNQKFAGVL,9.422789892235311
PRTKPDFTSAL,9.41086808432083
PRTNQKSTSAL,9.262373975255262
TSANPKFASAV,8.925035609382974
TSTKQDSTSVV,7.0
TRTNQKFASVV,9.076001459928426
TSANPDSAGAL,7.0
TSTKPKFASAL,9.134051337728463
TSAKQKFTSAV,8.525111425442011
PRAKPKSTSAL,9.395456065846227
PSANQDFTGAV,9.33850181374524
PSANQDFTSAV,9.22850209652784
TSTKQKFASVV,8.80802442868013
TSTKPKSTSVV,7.0
PRAKQDFTSAL,9.398821972372229
TSTKPDSTSVL,7.0
PSTKQKSASAV,8.555334299338917
TSTKQKSAGAL,7.0
PRTNPDSAGVL,9.371480416852856
PSANQKFTGAV,9.469229031204916
PRTNPDSTSAL,9.30697303722795
PSANQKSTGVL,9.170574329968304
TSTKPDFASAL,8.846203332769349
PSTNQDFTSVV,9.23564179605668
PSAKPKSTSAV,8.564163448659485
PSTKPDSASVL,8.60909388984647
TSAKQDSTSVL,7.0
PSANPKFASVL,9.36919709139418
TSTNPDFASAL,8.583203926781572
TSANQDSASAL,7.0
TRANQDFTSVV,9.413875864430668
TRAKQDSASVV,8.979868574526938
PSAKQDSASVL,8.573337815520897
PRAKPDSAGVL,9.423643098497168
PRTNPKSTGAL,9.490127761786
TSANQDFTSAV,8.256222189201083
TRANPDFTSVV,9.36794004849592
PSAKPKSAGAV,8.789273516973216
PRAKQKSAGVV,9.508275763998702
PSANPKSTSVL,8.358799853651064
PRTNPKSTGVV,9.498581305184516
PRTKPDFAGVL,9.46350042011784
TSTNQKSAGAV,7.0
PSAKPKFAGAV,9.448469633382793
TRTNQKFTGAL,8.953141189091921
PSTNPDSAGAV,9.11730734650464
PRAKPDSASAL,9.36911457405242
PRTKPDFTSVV,9.447709984082255
PSTNQDSASAL,7.822967016291005
PSTKQKSASAL,7.937592892823137
PRTNPDSASAL,9.302765661162262
TRANQKSASAL,7.0
PSTKPKFAGVL,9.458105571679068
TRANPKFAGVV,9.31125602515011
PRTKQDSTGVV,9.447667588169551
TRAKQKSTGAV,8.55058563103396
TSTNQKFTSAL,8.466689687195696
PRAKQDFAGAL,9.476954288312175
TSAKPKFAGVV,8.81114309464748
TRTNPKSAGAL,7.816065437732478
PRANPKSAGVL,9.430199065818586
TRAKQKSAGVL,8.536674554815212
TSAKQKSASAV,7.0
PRAKQDFASAV,9.494425495452807
PRAKQDSAGAL,9.38418438051289
PSANQKFAGVL,9.397847928814857
TRTKQDFAGVL,9.417831470969755
PRTNPDSAGAV,9.343118587732455
PRANPDSTSVL,9.348472585763306
PSTNQKSAGVL,9.031544946007058
TRTNPKFTGVV,9.285830493770002
TRTNQDFASAL,9.337937163456504
PRANPKFASVL,9.47564441185598
PRTKPDFTSAV,9.472066702570658
TSANQDSASVL,7.0
PSTKPKFAGAV,9.492329711755524
PRAKQDFAGVL,9.4763713991562
PRTNQKSAGVV,9.422368627956637
PRAKPDFAGAV,9.521480482352109
PRTKPKFTSAL,9.515307673623676
TRTNPKSASAL,7.0
PSANPKSTGVL,9.222283277599963
PRTKPDSAGAV,9.378287716157237
TRTNPKFASAL,8.852439560402225
PSAKQDFTGAL,9.282898644383806
PSTNQDSAGVL,9.160136906432768
PSTNPDSAGAL,8.999340166953305
PSTNQDFTSAV,9.22601392698592
PSAKPDFAGVV,9.387457460197396
TSTNPDSTSVL,7.0
PRTKQDFASAL,9.43727793355325
PSTNPDFASAV,9.241487058191112
TRANQKFTGVV,9.304999126040656
PRTKQKSTSAL,9.464199367995096
TRTNQKSTGVV,9.16965820971324
PRANPDFTSVV,9.422005692817116
TRANQDSASAL,8.07351851474952
PSAKPDFTSVL,9.234321711834014
TSANQKSTSAL,7.0
TRANPKFASAL,8.623674426240347
PSAKQKSTSAL,8.020037121920836
TSTKPKFAGVL,8.74392970646077
PSTNQKFTGVL,9.405369533764716
PSTNPDSTSVV,8.470724376341531
TRAKPKFTGAV,9.324716575218742
PRAKPDSAGVV,9.474266229100335
TRAKPKSTGVL,9.34369372993322
TRTKQKSTGAV,8.684319660468917
TRTKPKSTSVL,8.595146007730728
TSTNQKSTSAV,7.0
TSTNQDFASAL,8.563999325104879
TSAKPDSTGAL,7.0
PRANPKSTSVV,9.462202596823657
PSAKQDSASAV,8.439469694433413
PSANQKFASVL,9.369372295960002
TRTNPKFTGVL,9.32541753882464
PRANQDFTSAV,9.401947224454185
PRAKQKSTSVL,9.473592081470713
PRAKQDFASVV,9.489767143213957
PSTNQDFTGVV,9.400531703625028
PSANPDSASAV,8.205602873058801
TRANQDSTSAV,8.426182220915427
PRTKQDSAGAV,9.410069086933529
PRANQKFAGAL,9.523611618333817
PRAKQKSTSAV,9.525635640987678
PRAKQKFASAL,9.522814325838796
TSTKPDFTSAL,8.124296073668301
TSTKPKSAGAV,7.0
PSANQKSTSAL,7.534712140222707
PRAKQDFTGAL,9.303297288541636
TRANQDSTSAL,8.158818177910737
PSANQDSTGAL,8.769333816455669
PSAKQDFTSVL,9.244227362646464
TSANPDSTGVL,8.218673982502082
PSTKPKSTGVL,9.359089758449366
TRTNPDSTSAL,8.201212124570079
PSANPDSAGAL,8.91781495842316
TRTNPDFTSVV,9.363088209999868
PSAKPDSTSVV,8.790419301060373
TRAKQDSTGAL,9.071418298435622
TSTNQDFTSVV,8.346289791770925
TRTNQKSTSVV,8.48661719074498
PRANQKSTSAL,9.278592141816205
TRANQKSTGAV,8.289750318791139
PSAKPDSTSVL,8.49228549465162
TRANPDSTSAV,8.399659725115312
TSANPKSAGAL,7.0
PRANQDFAGAV,9.460154454651423
PSANPKSAGAV,8.485898992314278
PSANQKFTGVL,9.429225513838349
TSANPKSASVV,7.0
PRTKQDSTSVV,9.371373805480358
TSTKQKSTSAL,7.0
PRAKQDSASAV,9.404485087534702
TRTKQDSTSVL,8.755755647525815
TRTKQDSTSVV,9.050229428407576
TSTNQDSAGVL,7.0
TSAKPKSAGAL,7.0
TSAKPKSTSVV,7.0
TSAKQKSASVL,7.0
PSAKQDFAGVL,9.34621804131753
PSTNQDFAGVL,9.33056664664731
TSAKQKFTGAL,8.820917112963363
PSTKPDSTGAV,9.198798708659794
TRAKQKSTGAL,8.57975220031677
TRTNPDFASAV,9.366663334821238
TSTNPKSAGVL,7.634864223829976
PSTKQKFTGVL,9.434621705042114
PRTNPKFASAL,9.506594896641504
TSTKQKSTGVL,8.64592429115634
PRTNQDSAGAV,9.348844534760072
PSANPDSTGVV,9.11862306160832
PRTKPDSTGVL,9.451448825002734
TRTKPDSTSAV,8.500411738993092
TSANPKFTGAL,8.734344920908194
TRANQDFAGVV,9.46411945410628
PRANPDSTGVV,9.410657948294396
TRAKPDFTSAV,9.459144300115346
PRTKPDSASVL,9.389914521168285
TSTNQKFASVL,8.592289614838242
PSTNQDSTGVL,9.092301014442205
PSTNPDSTGAV,9.009424882446943
TRTKQKFTGVL,9.45731828043854
TRAKQKFAGAV,9.336201262477545
PRANQKSTGVV,9.466287777276683
TSANQKSTGVV,8.543072711756809
TRTNQKSTGAL,8.330214155828878
PSTKQKFAGAV,9.491573089863635
TSANQKSTSAV,7.0
PRTNQDSTGAL,9.308980022114008
PRANPDFAGVV,9.48040362313322
PSANQDSASVL,8.358473068960343
TSANQDFTSVL,7.808896117313908
TSAKQKFTGAV,8.840478685612407
TSANQKSTSVV,7.0
PSANQDSAGVV,9.143221001207424
TRTKPKSAGVV,8.62844328971133
TSTKPKSAGAL,7.0
TSTKQKFASVL,8.700915195979453
TRTNPDSAGVL,8.956584388545748
PRAKPDSTGAV,9.426848075514522
TSANPKSTGAV,7.0
PRAKPDFAGVV,9.508150889463698
PRAKQKSAGAL,9.420168223966169
PRANPDSAGVL,9.401655299249516
TSANQDSASAV,7.0
PSANQKFAGAV,9.431867991673895
PRTNPDFTSAL,9.35284335783504
TRTKPDFASAL,9.366724011204376
TSANPDFTSVV,8.194201046837879
TSTKPKSASVL,7.0
TRANPDFTGVV,9.408346313542744
PSANPKSAGVV,8.984057070929763
TSAKQDSASVV,7.0
PRTNPKFTGAL,9.532575899532082
TSTNQDSASVL,7.0
PSTKPKFTGVL,9.444238028837717
TSAKPDSASVV,7.0
TRAKPKFAGAL,9.070633831013083
PSTNPKSAGVV,9.088506592354454
PRTKPDFASAV,9.472459715121447
TSTKQKFTGAV,8.859448583305996
PSANPKSTSAV,8.245898137809297
TSTKQKFASAV,9.32596886548632
TSAKQKSTSVL,7.0
PRAKQKSAGVL,9.461813226971216
TRTKPDSASVV,8.783174706294155
PRAKQDSASVL,9.391241575785704
PRANPDFTSAV,9.3948804229467
TRAKQKFASVV,9.280894207472045
PSANPDSASVV,8.518005924178333
PRANQDSAGVL,9.323686657589588
TSANPDFTSAL,8.064084511329012
PRANPDSASAL,9.341389231316754
TSANPKSTSVV,7.0
TRTKPKFTSVV,9.329786257740183
TSAKQDSTGAV,7.0
TSAKPDFTSVV,8.419952351111874
TSTKPDSTGVV,8.313875979730907
TRTKPKSASAL,7.558162192834057
PRANPDSTGVL,9.372340802990305
PSAKQKFASAL,9.41025640562383
PRAKQDSTSVL,9.392188402984443
TSTNPKSTGAL,7.0
TRAKQKFTGAV,9.312527562698786
PRTKQDSASAV,9.377571702810664
TSAKQKSAGVL,7.457579144626688
PRANPKSTGVL,9.452728666499125
TRTKQDSAGAV,8.97811550070383
PSTKQDSASAV,8.437788069083947
PSTKQKSTGVV,9.426217642538324
TRTNPDFAGVV,9.360763554108296
TRTKPKSAGAL,7.942625824345507
PSTNPKSTGAL,8.604252508550632
TRTKPDSAGVV,9.253087739979344
PRTNQKFAGAV,9.558208778004966
PRAKPDFASVL,9.456320280069876
TSANPDFASVL,8.228548527204591
PSTNPDSTGAL,8.909430490770177
PRANPKSTGAV,9.47200844532096
PRAKPDSAGAV,9.43015971611556
PRANQKSAGVL,9.437071776474356
PSTNQDSTSAV,8.179949795997961
TSTNPDFTSAL,8.136909178312534
PSTKQKFTGAV,9.498313637551831
PRTNQDSASAV,9.34930096545277
PSANPKFTSVV,9.258602936513828
TRANQDSAGAV,8.607867216835468
PSTKPDFAGAV,9.36444036861248
TRANPDSTGVL,9.317218552946102
PSTNQKFTGVV,9.423840628909424
TSAKPKFTSAL,8.651299654966737
TRTNQKSAGAL,7.684307865027978
PRTNQDFTSAL,9.351436312908309
PRANQDSAGAL,9.321788465014423
PRAKQDSTSVV,9.417867246770465
PSTNPDSASVV,8.41360382770612
TSAKPDFAGVL,9.039319494903978
TRTKQDFTSVL,9.426229834075164
PSTKQKSAGAL,8.718128220012266
PRTNPDFASVV,9.41186996417735
PSANPDFAGVV,9.316602965974228
TSTNPKSAGAV,7.0
PRTNPDFAGAL,9.440472134703423
TRAKPDFASVL,9.37235306836295
TSTNPDFAGAL,8.909975904891636
PRANQDFASVL,9.415101578035362
TSTNQDFAGVL,8.91017890778538
PRTKQKSTGAV,9.55293469276378
TRAKPDSTGVV,9.432525251660271
PRANPDSTGAL,9.373388961985343
PRTKPDSAGVV,9.445293972430765
PRTKPKSASAV,9.4468088092165
PSANPDFTGAV,9.340924436792111
PSTNPDSTSVL,8.292023403155644
PSANQKSASVV,8.5141662585185
PSTNQDSAGVV,9.217665939125776
TSAKPKFASAV,9.056716621053868
PSAKQDSTSAL,8.501225121362333
PSTNQKSAGVV,9.144366781567884
TRTKQDSASAL,8.496467201960986
PSTKPKFASAV,9.513462780221351
PSAKPDSAGVL,9.215505766707176
TRAKQKSTSAV,8.436182430313027
TSTKQKFAGAV,8.945124024826532
TSTKPKSASVV,7.0
TRTNPDSTGVV,9.349265416844128
TRAKPKSAGVV,8.713606283375197
TSTNQKFASVV,8.736781829686459
PSAKPDSAGAV,9.241711470015296
TRANPKFTGVL,9.316962083706132
PSTKPDFAGVL,9.34152414582
TRTKQKFAGAV,9.340612241547152
PRANQKSTGAV,9.474705779068678
PSTNQKSTSVV,8.601620615559074
TRANQDFTSAV,9.43218922168659
TRANQKSASVV,7.704049511692693
PSTNQKFASVL,9.397225570921984
PRTKPKSTSVV,9.516207639427105
PSAKPKSTGVV,9.380473759382422
PRAKPDFASAL,9.43731500361736
TSTKQDSTSVL,7.0
TRTKQKFASAV,9.318903281751382
TRANQKFAGVV,9.290668812757373
PSAKQKFTSAL,9.4399053848455
TSANPKSTSAL,7.0
TRANQKFASVL,8.818919397698748
PSANQKSAGAV,8.589435781087369
PSANPDSTSAL,7.918855233981429
PRANPDFAGAL,9.422977143362592
TRTNQKFAGAL,8.898087039081013
PRTNPDSTGAL,9.32880973347735
PSTNPDSASVL,8.433721495139693
TSANQKSAGAV,7.0
PSANPDSTSAV,8.180985995555464
TSAKQKSASVV,7.0
PRTKPKFTSAV,9.611323382081835
PSTKPDFASAV,9.313238504399587
TRTKPKFAGVL,9.353124649276753
TSAKQDSASAV,7.0
TRTNQKSTSVL,8.398771646537353
PRAKQKFAGVV,9.58017072841556
TRTKPDFTSAV,9.436671062508506
TSTNQKFAGVL,8.506944930885734
PSTKQKFASVV,9.464352613127602
TSTNPKFAGAL,8.735488490739936
TRTKQKSTGAL,8.460085729964335
TRTKPKFASAL,8.90326037740268
TSTKPKSTSVL,7.0
PSANPKFASAV,9.429488863911017
TSANQKSAGVV,7.3553331800292865
TRTKPDSTGAL,9.112834397337254
TRANPKSTGVV,9.16216427133669
TSTKPDSAGVL,7.0
PSAKPKSAGAL,8.539590647294231
PRANPKSAGAV,9.442746575057887
TRANQKSTSVV,8.441916351960375
TSAKPKSAGVL,8.046495858077702
PRTKPKSAGAL,9.456488577408956
PRANQDSTGAL,9.331244635466213
TSAKPKFTGVV,8.887831433881294
TSTNPKFTGVL,8.884555237272876
PSTKPDFTSAL,9.2351093826535
PSANQKSTGVV,9.256603522148223
PRAKPKSTGAL,9.469776362617573
PSANQDFAGVV,9.309397283067156
PRTNPDSASVV,9.371322660887976
TRANQKSAGAV,7.69402679139576
PSANPKSASAL,7.293040312255572
TRANPDSASVL,8.508007557468183
PRTKQDFTSAV,9.489652331783953
PRTKQKSAGAL,9.45283857944706
TRAKPDSTSAV,8.5576391071407
TSTKQDSTGAV,7.0
TSTKQDFASAL,8.774021001694004
TRANPDSTSVV,8.7686953426838
TSTNQDFAGAL,8.861016076340723
PSTKQDSTGAL,9.092383662865892
PRTKPKSTGVV,9.523923942850468
PRTKPKSASAL,9.366814742172393
TRTNPKSTSAV,7.56200154637725
TSAKQKFASVL,8.626996306434705
TSTKQKFAGVL,8.665072478756677
PRTNPKSASAV,9.32295906672411
TRTNQDSASVV,8.656885351835287
PRAKPKSAGAL,9.42480766442246
TSAKPDSAGVV,7.077765430134503
TSANPKSASVL,7.0
TSANPDSTSAV,7.0
PRTNPKSTSAL,9.25275893133859
PRAKPKSTGAV,9.558501441367651
TRANPDFASAL,9.31762292160808
PSTKPDSASVV,8.819579695848724
TRTKQKSTGVV,9.34923551013318
TSAKPKSTGAV,7.926803085574125
PRANPDSAGAL,9.34213393039319
TRAKPKFASVV,9.285594991968376
TSTNQDSAGAV,7.0
TSANPDSAGAV,7.0
TRTNPKFAGAL,9.003256533483782
TSAKQKFAGVV,8.736703884739965
PRTKQKFASVV,9.55182234991708
TRTNPDFASAL,9.316681481640384
TSANPKSTGAL,7.0
TSANPDFAGVL,8.879796939561533
TSTNQDFAGVV,9.084753453954312
PRANQDFTSVL,9.367375819562826
TRTKPDFASVV,9.35913629691837
TRTKQDFAGAL,9.39632185262251
PSAKQDSTGVV,9.272207761649378
TRAKQKFASVL,9.05862103579916
PSANQKSTGAL,8.498484762395414
TSTNQKSASAV,7.0
TSANPKFASVL,8.482019698539984
PRANQDFAGAL,9.43349452974365
TSTKQKSASVL,7.0
PSTNQKFAGAL,9.391549966010684
TRAKPDSASVL,8.602796114131282
PRAKQDSASAL,9.360763459012112
PRAKPKSASVL,9.484385628160387
TSAKPDFTSVL,8.334647624411053
TSTKPDSASVL,7.0
PSTNQKSTSAL,8.104111479272852
TSAKQDFASVL,8.377596228930122
TRAKQDSTSVV,9.04492885511273
PRTNQDFASVL,9.405162549864931
TRANPDFTSVL,9.356261525902497
PRTNQDFAGAV,9.412793607013242
PSTKQDSTSVV,8.74062866636202
PRTNQKSTSVL,9.412134781155492
PRAKPDSAGAL,9.393967735795735
TRANQDFAGAL,9.326390849609064
PSANQDFASAL,9.16187548526692
TSTKQKFASAL,9.203823870728348
TRTNPDSASVV,8.588687631010947
TSTKPKSAGVV,8.293313391142723
TRTKQKFAGVV,9.448947511135245
PRANQDSTSVL,9.314689069619137
TSAKQDFASAV,8.935098048971831
TRTNPDSTSAV,8.429824620364784
PRTKQKFAGAL,9.550160757100002
PRTNPKSTSVV,9.454018261512983
TSAKQKFTSAL,8.038194967953519
TRTKPDSAGAV,9.118459358854404
TSAKQKSASAL,7.0
TSTNQDFTSVL,7.93240986245938
TRTKQDFTGAL,9.413787667804206
PRTNPKSTGVL,9.487441789517325
TRTKQDSASVL,8.609860048099067
PRANQKSTSAV,9.353565779790673
TSTNPDSASVL,7.0
TRANPDSTSAL,8.151058262662332
PRTNPKFAGAL,9.53330134740275
PSTNPKSTSVV,8.575883904523371
TRAKPDFAGAL,9.416308594729212
PRTKQDFTSAL,9.412311648957242
PSAKQDFASAL,9.261423596869188
PRANPDFTSAL,9.371593181337836
TRTKPDSAGVL,9.143777403476207
TSAKQDSASVL,7.0
PSTKQDFASAV,9.321909077842884
PSANQDFAGVL,9.267489180132214
PRANQKFTGVL,9.532282063764844
TSAKPDFTGAV,9.06297352262157
PSTNPDSASAV,8.21375515504286
PRAKPDFTSVV,9.4576492597711
PSTKPKSAGAV,8.894393337235952
TSAKPKSTSAV,7.0
TSTKQKSASAL,7.0
TRTKPDFAGVV,9.420286496679624
TRANPDFAGAV,9.389309159117042
TRANPDSAGVV,9.127888899966296
TSAKPDSASAV,7.0
PSANQKFTGAL,9.423951492028388
PRTNQKFTGAL,9.499397363141057
TSAKPDSASVL,7.0
TRANQDSASVL,8.572956107176708
TRTNQKFAGVV,9.290625386769348
PSAKQKFAGVL,9.42166445529902
TRANQKSTGAL,8.344885342650556
TSTKPKFTSVV,8.50552006452013
PSTKQDFASVV,9.321918348409213
PRTKQDFTSVL,9.436983816619202
PRTNQKSASAV,9.374266571906851
TSTNQDSASAL,7.0
PSTKPDSASAV,8.338701671877566
TRTNPKFASVV,9.024602280231912
TSAKPKFAGAV,8.896510007935992
PRANPKFTGAV,9.55255896424895
PRANPKSTSAL,9.3156848658001
PSANPDFAGAV,9.30508714668163
TRTKPDSTGVV,9.403140318229278
TRAKPDSTGAL,9.11933006879498
PSAKQDFASVV,9.309680116017416
TRAKQDSTSAL,8.501895893847232
TRAKQKSTSAL,7.637373035276469
TRTKPKFTGAV,9.229638342712922
PRTKPKFASAV,9.53289158597972
TRANPKFTGAV,9.07250941569279
TSANQKFAGAV,8.543783938500829
PSTKQKSAGAV,8.935881779435398
PSAKQKFTSAV,9.427921693131616
PSTKQKFASAV,9.50227368994716
PSTNPKFASAV,9.44445317179631
PSTNQKSAGAV,8.813864810957254
TSTNQKSTSVV,7.0
PRTKQKSTGVV,9.500279710833908
TRAKQDFTGAV,9.484953215492704
TSAKQKSAGAL,7.0
TSAKQDFTGAV,8.643403833931469
TRAKPKFTGAL,9.247675056332428
TSANPKFASAL,8.686979429936322
TSAKPKSASVL,7.0
TSAKQDSTSAL,7.0
TRTKPDFTSAL,9.433064464477043
TRTKQKFAGVL,9.305517824246584
TSAKPDFTSAV,8.374302730363178
TSAKQKSAGVV,7.882109419867716
TRANPDFAGVL,9.33727175377758
TRAKPKSASVL,7.933412825480464
TRAKPDSASVV,8.983821270198625
TSTNPKFASVV,8.763505096959541
PSANPDFASAL,9.222944595478978
PRANPKSAGAL,9.349055316072592
PRTKPKFASVV,9.54027910289414
TSTNPKFASVL,8.630686610576484
PRANPDSASVV,9.376020830982194
TRANQDSAGVL,8.98639818251741
TSTKQDFTSAV,8.580790571926455
PSAKQDFTSAV,9.339740748394703
PSTKQDSTGVL,9.183552040016956
PSAKPKFASAL,9.420047019159236
PSTNPKFTGAV,9.44873199732126
TRTKQKSAGAV,8.141776603797377
PRAKPKFTSAV,9.524994902807146
PRTNQDSAGAL,9.29168166185606
PRTKQDFTGVL,9.563048981621842
PSAKPDSTGVL,9.189296709619295
PSTKQKFAGVL,9.45838561707652
PSTNPDSAGVV,9.216531263943176
TSANQDSTSVL,7.0
TSANQKSASAL,7.0
TSANQKFASAV,8.9398019351819
TSTNPKSTSAV,7.0
TRTKPDSTGVL,9.384580756333854
TRTNQDSTGVV,9.36930539564864
TRTKQDFAGVV,9.468554505189047
TSTNQDSTSAV,7.0
PRTKQKFTSVV,9.560436176257364
PSANQDFTSVV,9.218921359307869
TRTNQDFAGAL,9.333859796825683
PSTKPDSAGAL,9.148988264953614
TSAKQDFTSVL,8.093110044469826
PRAKQKSASVL,9.462844807947874
TSANQKSAGAL,7.0
TSAKPDSTSVL,7.0
PSANPKSTGAV,8.578543563112035
PRAKQKSASVV,9.469713906580935
TSTNQDFAGAV,8.974469768067857
TSTKQKFAGVV,8.778774935441055
PRTKPDFASAL,9.437763539571456
TSTKQDSAGVL,7.0
TSAKQDFAGVL,8.972240534291563
TSANQKSTGAV,7.0
TRTKPKSAGVL,8.607734875891033
TRAKPKSTSVV,8.711402533286133
PRAKPKFTGVV,9.583108761138872
PRAKQKSTGVL,9.495453877870249
TSANPDFTSVL,7.993378635402283
TSTKQDFAGAV,9.228308811187206
TSAKPKFASVL,8.54753202598207
TSTNQDSTGVV,8.066497054495784
PRAKPDSTGAL,9.372151684132623
TSAKPDFASAV,8.861390420560705
PSANQDSTSAL,7.834496232898192
TSTKQKSTGVV,8.771967591002019
TRTNQKSTSAL,7.0
PRTKPKSASVV,9.502445482989414
PSTNQKSASAL,7.671120760262006
TSAKQDSTGVV,8.31835383193793
TSTKPKFASAV,9.253756602944478
TSANPKSTSVL,7.0
PSTKPKSTGVV,9.412703325339224
TSTNPDFASVL,8.349954246698392
PSANQDSTSVL,8.184269717740682
PSTKPKFASVV,9.473321238557512
TSTKPDFAGAL,9.057846353948518
PRTNPKFTGVV,9.530464069204568
PRTNQDFTGAV,9.43942925744235
TSTKQKSAGVL,7.409340598543089
TSANPDSASVV,7.0
PRTKQKFTGAL,9.581227058583176
PSTNPKSASVV,8.552936297408996
PRANPDSTSAV,9.45954811396452
TSTNPDSTGAV,7.0
TSTKQKSTSVL,7.0
PRANPDFASAL,9.407139645220738
PSANPKSTGVV,9.247266977146651
TSTKQDSAGVV,7.0
PRTKPKSTSVL,9.482220131984349
TSAKPKSASAL,7.0
TRTNPKFASAV,8.919726662857999
PRTNQDFTSVL,9.348971432309916
TRAKQKSAGVV,8.624954366627533
PRAKPKSTGVV,9.544321612039557
PSTKPKSASAV,8.454959570625732
PSANQDSTGVV,9.146565967770073
PRTKPDSASVV,9.389238802129642
PSTNPKSTGAV,8.885292463186516
TRTNQDFTSVV,9.403243924616737
TRAKQDSAGVV,9.293674522032388
PRTNQDFAGAL,9.422299627833295
PRAKPKFASAL,9.524391844778473
PSTKQKFTGVV,9.459277589823714
PRANQDSTSAV,9.40300766852617
PRTNQDFTSVV,9.392235991067738
PSTNPDSAGVL,9.189831051284164
TRTNPKFAGVV,9.29505800289734
TSTNQKSASAL,7.0
TRANQKSTGVL,9.203935604545697
PRTKQKFASAV,9.567748249327911
TRTNPKSTGAL,8.3291089087847
TSTNPDSTSVV,7.0
PRTKQDSAGAL,9.37252289333181
PSTNQDSTGAL,8.90219126066121
PRANPKFASVV,9.504595040768873
PRTNQKSAGAV,9.423584065784002
PRTNQKFASVL,9.4732012234058
TRANQKFTGVL,9.337311095980455
TRTKPDFTSVL,9.381952882296307
PRANQKFAGAV,9.55671425201156
TRANPDSAGAL,8.616647232079155
TSTKPDFASVV,8.547535330980965
PSTNPKSAGVL,9.05564051303376
TSANPDSTGAL,7.0
TSAKPKSTGAL,7.0
TRTNPDSAGVV,9.106978163769751
TRAKPDFAGVL,9.436154018753257
PSTNPKFAGVV,9.435487955336477
PSAKQKSASVV,8.635240008772696
PRANPKSTSVL,9.44518441488878
PSAKQKFTGAL,9.458935073149712
TRAKPKFASVL,9.056025653564356
TSTKPKFTGAV,8.974957513601213
TRAKPDFAGAV,9.45196801060604
PRANPKFTGVV,9.53990220213103
TSAKPKFTSVL,8.4131807889972
TRAKQKSASVV,8.418480180102234
PRTNPDFASVL,9.42817568604502
TSTKPKFASVL,8.779805339178258
TRANQKSAGVV,8.425110086569793
PSANQKSASVL,8.152172181407668
TRANPKSTSVV,8.515700697647892
PRTKQDSTGVL,9.431251456518329
PRAKQDFAGAV,9.52639520739546
TSTNPKSTSAL,7.0
TSANQKFAGVL,8.461481539241923
TRTKPDSASAV,8.593099052319962
PSAKQKFASAV,9.531899132833365
TSAKPDSAGVL,7.0
PRTKQKFAGVV,9.58870068067506
PRTNPDFASAL,9.397126257812277
TSAKQKFAGVL,8.589319858651672
TRTNQKFASAV,9.01156808858966
PSTKQKSASVV,8.74717150028814
PRANPDSAGAV,9.366409314651934
TRTNQDSAGAV,8.7205653638953
TSANQDFAGAV,8.786721894916923
TRTKPKSTSAV,8.459948005629522
TSANPKFAGAV,8.600318277015772
TRTKQDSTSAL,8.336242931121376
PRAKQDSTSAL,9.36643583870736
TRTKQKSASAV,8.13970530158628
TRTKPDSTSVL,8.827768059300587
TSANQKSTGVL,8.549745180506626
TSANQKFASVL,8.409736027735965
PSTKQKSAGVL,9.233163410684336
TSTNQKFASAL,8.97140013783281
TRANQDSTGAL,8.774891749023656
PSANPKSASAV,7.902881954896358
PRANPKSASVL,9.420341341829571
TRANPKSASVL,7.664111883705883
TSANQDSTSVV,7.0
TRTNPKSTSVL,8.511618142116298
TRAKQKFTGAL,9.200772165706663
TSANPKSASAL,7.0
PSTKQKSTGAL,8.797468345993584
TRANPKFAGVL,9.263000493410992
PSAKQDSASAL,8.417127663245072
TRANPKSAGVV,8.559457358442812
PSAKPDSTSAL,8.270133315823752
TSTKQDSASVL,7.0
TRTNPDFASVL,9.319784930635782
PSTNPKFAGAV,9.427177863203234
PSANQDFASAV,9.25887697596361
PRTNQDSTGVV,9.385789461130608
PRAKPDSTSVV,9.414498410776844
PSTKPDSAGAV,9.201246129813253
TRTKPKSTGVL,9.4019526484237
TRAKPDFTSVL,9.386127948344573
PRANQDSAGAV,9.341232753811395
PRANQDSTSAL,9.45772930815638
TSTKPKFTGVV,8.963566474421688
PSAKQKFAGVV,9.484951532977997
PRTKQKFAGVL,9.589388973131024
TSTNPKFASAV,9.096544766274834
PRTNQKSASVV,9.390717914361623
PSTNQKFASVV,9.397682264320114
TSAKQDFTSVV,8.436685738603265
TRTKQDFASVV,9.417978512234702
PSANQKSTSVL,8.229712078375194
PRAKPKSTSVV,9.51493519630458
TRTKPKSTGAL,8.595564975678935
PSTNQDFASVV,9.246535726743806
PRTNPKFAGVV,9.532865624936749
PRANQDFASAV,9.426567724091903
TSAKPDFASAL,8.552413256993065
TRAKPDSAGVL,9.18103075672307
TRTKPKFTGVV,9.454970509641392
TRANQKFAGAL,8.872782423642962
TRTNPDSTGVL,9.370625613878104
TSAKQDSAGAV,7.0
PSTKPDSTSVL,8.495486602996268
PRAKQDFASAL,9.446539277780788
PSTNPKSASAV,8.16942940551157
PRTKPDSAGAL,9.380466536352186
TSTKPDSTSAV,7.0
TRAKQKSAGAL,7.854067327189584
TRAKQKFAGVV,9.506624262279248
TRAKPKFAGVV,9.48763678154242
TRTNPKFTGAL,9.14130271746884
PRTKQDSTGAL,9.397301485010564
PRTKQKSASAV,9.470914973202612
TRANPKFAGAL,8.863914397960585
TSTNQKFAGAL,8.6650005425639
PSTNQDFASAL,9.206852114313437
TSTNPDSAGVV,7.0
PRANQDSTGVV,9.388874741181883
TRTKQKSAGVV,8.759739697646525
TSTKQDSTGVV,8.218366184432126
PSTNQDFTSAL,9.17108510434559
PSTKQDFAGAL,9.30234819600941
TRANQKSASAV,7.60796443864216
TSTNPDSASAL,7.0
PSANQKFAGAL,9.384745312441703
PSTNPKSTGVL,9.31526818102028
TSAKQDFAGVV,9.248038984435384
TRAKPKSASVV,8.436090543216812
TSANQKFTGVL,8.631634357249697
PRTKPDSASAL,9.390342526763495
PRTKPKFTGAV,9.568683974964438
TSTNPDFTSVL,8.066327039701612
TRTKQDSTGAL,9.105253617910956
PRANQDSASVV,9.35493934097522
PSAKQDSTSAV,8.462414094350525
PRAKQDSTGVV,9.462329519541706
PSAKQDSTSVL,8.521802222768063
PRTKPDFAGVV,9.506654275000498
TSAKPKSTSAL,7.0
PRTKQDSTSAL,9.387277181589928
PRANPKFTSVL,9.492900188186242
PSAKPDSASVV,8.774044863124246
PRTKQKFTGAV,9.578304673753207
PSANPKFAGAV,9.419045536520658
PSANPDFAGAL,9.271673242881688
PRAKQDSASVV,9.397013135059105
TSTNPKFAGVV,8.617852816092316
TRANQDFAGVL,9.353673866918562
PRANPDSASVL,9.31138161965379
PSTNQKSAGAL,8.391990987536984
PRANQDFASVV,9.425911161682173
TSANQDSTSAL,7.0
PSTKPKSAGAL,8.593097589820582
TRAKQDFAGVV,9.475050897870814
TRANPKFASAV,8.878505885235487
TRAKPDSTSVV,9.102654961507625
PRAKPKFAGAL,9.531795987785143
PSTKQKFAGVV,9.506082598475745
TSAKQDSAGVV,7.0
TSANPKSAGAV,7.0
PSANQDFASVL,9.173865456298977
TSTNPDSTSAV,7.0
TSANQDFAGVL,8.794214399656292
PSANPDSTSVL,8.250022055889657
TSANPDFASVV,8.523448250862607
TRANPKSTGAV,8.63907658656749
PSANPKFTSAL,9.241646965226565
TRTKQDSAGAL,8.877072621468441
PSTKQDSTGAV,9.15918745991099
PRTKQDFTGAV,9.497895888231833
TSANQKSASVV,7.0
PRANQDFTSVV,9.397056190237596
PSAKPKSTGAL,8.653967024841151
TSAKPDSAGAL,7.0
PSTNQKFASAL,9.410076231887698
TRANQDFASVV,9.355496349659438
PRTKPKFTSVV,9.57920233977222
TSTKQDFAGVV,9.245902416346674
PRTNQKFASAL,9.514552106846509
TRAKQKSTSVV,8.675422763820663
TRTNQDSAGVL,8.890050961171655
TRTNQDSTSVL,8.564331643263797
TRANQKSAGAL,7.44768253201547
PSTNPDFTSAV,9.19939859213359
PRANQKSASVV,9.426827565948816
PSTNQKFTGAL,9.425810176078214
TRAKPDSAGAV,9.08865621197053
TSTKQDFASVL,8.64507607050928
PRTKPDSTSVL,9.371962711998538
PRAKPDSASAV,9.42900630382121
PRTKPDSTGAL,9.358907099204703
TRANQDSTSVV,8.724927651670136
TRANQKFAGAV,8.994683453652188
TRTNQDSASAL,8.181587015186318
TSAKQKFTGVL,8.705210322579175
PRANPKFASAL,9.468044456525703
TRTNQKSAGVV,8.499302241757333
PRAKPDSTSAV,9.435797341412288
TRAKQDFASAV,9.48192070642392
PRANQDSTGVL,9.359923137963746
PRAKPDFTGAV,9.494225532711605
TRTKPKSTGAV,8.65524765695396
PSANQDFTSVL,9.180275193702071
PRTKQDFAGAV,9.522287963978656
TSTKQKSTGAV,7.0
TSTNQDSTGVL,7.610786462712245
PSAKPKSASVV,8.681758012521415
TRAKQDSTSVL,8.830764745369768
PRAKQKSASAV,9.50715015637602
TRTKPDFASAV,9.412955432307768
PSAKQDFAGVV,9.39950872187564
TSTNQKSTGVV,8.477388490454166
PSTNQKSTGVV,9.309944007452977
TRTNPKSAGVL,8.360617007028894
PRAKPKSTSVL,9.515584785410429
PSANQDSAGVL,9.051344489014056
PSAKPDFAGAL,9.333499750201478
TSTKPDFAGAV,9.170302700579668
TRANPDFASVV,9.36442278663774
PRANPKSAGVV,9.41975752950619
PRTKQKFTSAL,9.478633494938514
TRTNQKSTSAV,7.906331746138197
TSAKPDSTGVL,8.31379813858999
TRANQKFASVV,9.079409434956936
PRTNPDSAGAL,9.310292316598543
PRANPKFASAV,9.51831458840229
PSTKPDSASAL,8.264979620718615
TSTNPKFTGVV,8.713301431757245
PSTKQDSASAL,8.155555678737016
TRTNQDFAGVL,9.341500850749023
PRTKQKSTSAV,9.517653965263095
PSTNPKFTGVL,9.425249790474766
TRANQDSTSVL,8.503507856571128
PRTNPDSTSVV,9.392279790175468
TSTKPDFASVL,8.444708055979683
PRAKQDSAGVL,9.411757636213466
TSANPDSAGVL,7.0
TRTNQDFTGAV,9.309752118798002
TRANQDSAGAL,8.541073363306367
TRTKPDFAGAL,9.390781515511996
TSANPKFTGVV,8.596679240397455
TRAKQDSAGAL,8.821399225846934
PRTNQDSTGVL,9.380009528539722
PSTNQKSTGVL,9.263655267507144
TRANPKSAGAV,7.878344608212714
TSTKPDSTGAL,7.0
PSTNPDSTSAV,8.22612335942307
PSAKPDSAGAL,9.116144966431715
TRAKQKSTGVV,9.426352818384014
TRTKPKFAGVV,9.420315999554076
TSAKQKSTSVV,7.0
TRAKPKFTSAV,9.421714021750857
PSAKPDFTSAV,9.28449622018828
TSANPKSAGVL,7.566297583297313
TRTNQKFTGAV,8.978809734960011
PRANPDFAGVL,9.440189145389567
PRTKPDFAGAV,9.501690830726146
TSTKPDSAGVV,7.0
PSTNPKFAGVL,9.392942460664
TRTNQDFAGAV,9.351979112302978
PRANPDFTSVL,9.38664765997587
TRAKQDSAGAV,8.969482783650353
PSTKPKSAGVL,9.22445628057196
PRTNPDFAGAV,9.464219236826706
TRTKQDFTSAL,9.397919735927944
PRTNPKSTGAV,9.514113599945118
TSANQDSAGAV,7.0
TRANPKFTSVL,8.68178229742758
TRAKQDSASAV,8.681033202515296
PSTNPKFTSAL,9.304109837400697
TSTNQKFTGAL,8.768865547588595
PRTNPDSTGAV,9.346317089385932
TRTNQDSTSAV,8.365582706903902
PSANPKFTGAV,9.454181642669006
TSTKPDSASAV,7.0
PRTNQKSTGAV,9.471409746369634
PRANQKFTGAV,9.552430729258647
TSAKPKSTGVV,8.972462361439534
PRANQKFAGVL,9.549636501328996
PRANPKSTGAL,9.437745470076024
TRTNPDSTGAL,8.886038309219684
PRTKPKSTGVL,9.494052345641338
PRTKPDFASVL,9.467659690309794
PRTNQKSTGAL,9.437807211282886
PRTKPKSTSAV,9.507157026833491
PRANQKSTGVL,9.43658680823729
PSANPDFAGVL,9.270059824244004
PSTKQDFTSAV,9.293725924312724
TSTKQDFAGVL,9.058924246424915
TRANPKFAGAV,8.970137079192495
TRAKPDFTSVV,9.429217814621484
TRANPKFTGAL,9.022819126476158
TSTKPKSTSAL,7.0
PRANQDSTSVV,9.35724850647023
PRTNPKFASVL,9.48929668341585
PSTNQDSTGAV,8.959368085005524
TRAKPKSTSAV,8.46617674972264
TRTKQKSAGAL,7.782199159480333
PRTKPKFAGAL,9.562628755624978
PRTKPDFAGAL,9.492039628853332
PSANQDSAGAL,8.887681307022769
TSANQDSTSAV,7.0
PSAKQKSAGVV,9.190046630769231
PRTNPDSASVL,9.340714063769877
TRTKQKSTGVL,9.388816465114273
TRTKQKSTSVV,8.720878747245246
TRANPKSAGVL,8.626916472027814
PSAKQDSAGAL,9.082566486526078
PSTNPKFASAL,9.394184098735266
PRAKPKSTGVL,9.49593347551916
PSTKPKSAGVV,9.284729248805114
TRAKQDFASAL,9.41673920953918
PSTKQDSASVV,8.845403984537896
TSTNPDSAGVL,7.0
PSANPKFTGVV,9.42778488111158
TSTNPKSTGAV,7.0
PRAKPKFASVL,9.546021591091352
PSAKQDSTGAV,9.1505699444399
TSTNQKFASAV,9.178950982124874
TSTNPKSTSVV,7.0
TSTNPDSAGAV,7.0
TSANPKSAGVV,7.709182716201653
TSAKPKSAGVV,8.327647865660385
TSAKQKFAGAV,8.897159190776398
PRANPKSTSAV,9.378142036159987
PRTNQKFTSAV,9.516006374259613
PRTNPDSAGVV,9.384842307468636
TRANQDFTSAL,9.356239206677616
PRTNQKSAGVL,9.424413955464296
TSTKQDSTGVL,8.222658954232946
TRTNQKFTGVV,9.32873014941591
PSTKQDSAGVV,9.295630663334954
PSTKPDFASVL,9.274934045227653
PSTNQKSASVV,8.500611947863774
TSANPDFAGAL,8.775689965539947
TRAKQDFAGAL,9.400563141528712
TSTNQKFAGVV,8.544532885692602
PRTKQDSTSVL,9.387395528878422
PSTKPDFASAL,9.260544130021357
PSAKPDFAGVL,9.345398995058751
PSTKQKSASVL,8.649219913464608
TSTKPDSTSAL,7.0
TRTNPKFAGAV,9.033597775821464
TSANPDSTGAV,7.0
TSTNPDSTGVL,8.292018764659185
TRTNPDFAGVL,9.355818570454035
TSTKPDSASAL,7.0
PRANPKFTSVV,9.552313306575211
TRTKQDSASVV,8.885778379707377
PSANPKFTGVL,9.424633084741233
PRANPKSASAL,9.293629939393687
TSTKPDSTGVL,8.397421271281734
PSANQDSASAV,8.206247724491947
TRTNQDSTGAL,8.784043828101742
PSTKPKSTSAL,8.241575050191388
PSTKPKSTSVV,8.88836759986585
TRTNPKSASAV,7.229960386648477
TRTNPDSASVL,8.523152991114886
PRTKQKFTGVL,9.55490965170196
PRANQKFTGAL,9.516598621874609
PSTNQDSASAV,8.162365732750587
TRAKQDSASAL,8.416895569108261
TRTNPKSAGAV,7.821039649137553
PSANQDFASVV,9.25659083985608
TSTNQDFASVL,8.292297990062217
TSTKQDFASVV,8.840257567112387
PSANQDSTGVL,8.980388559484263
PRAKQKFTGAL,9.537596807324356
PSTNQDSAGAV,9.085064142274172
TRANQDFTGVL,9.37082490433673
TSAKQDFASAL,8.693713442743713
PRTNPKSAGAL,9.339037009685422
TRTKPKSTSVV,8.630836180312144
TRTKPKFTSVL,9.259587459055677
PRAKQDFTSAV,9.505570654884528
TSAKPDFASVL,8.457431976394686
TSTKQDFASAV,9.03601667873126
TSTNPKFAGAV,8.699845376800335
PSAKQKSASVL,8.393440152989468
PRTNPDFTGAL,9.435774380326798
PRTKQDFAGVV,9.520243822695363
PRTNPDSTSVL,9.354508241530787
TRTKPDSASVL,8.592873121731044
TRAKQDSTGAV,9.0990223636398
TSTKQKSASVV,7.0
TRAKPDSTSVL,8.825192266548845
PSANQKSAGVL,8.865202694717189
PRANPDFASAV,9.440882326125823
PRTNPDFAGVV,9.43824329994073
TRAKQDFTSAV,9.500729752144451
PSAKQKSAGAL,8.628924303674276
PSTNQDSTSVL,8.323906203482345
PSTKQDFTSVV,9.30430740316689
PSTNQDFAGAV,9.296558939510597
TRTNQDFTSVL,9.35567181584582
PRTNQDFASAV,9.414189011395148
TSTKQDSASAV,7.0
PRTNQDSASVL,9.339545370411448
PSANQKFAGVV,9.439510981970455
PRAKQKSTGVV,9.484441258250609
TRAKQDSASVL,8.587770051995514
PRTNQKFAGVL,9.55214167582671
TSTKQKSASAV,7.0
PRTNPKSASVL,9.435836388697952
TSTNPKFTGAV,8.685919238960713
TRTKQDSTGVL,9.410249619495625
TRTKPDSTGAV,9.149238130152767
PRTNQKSASVL,9.44947380206468
TSTKPDFTGAL,8.929986835127709
TSANQDFASVV,8.59787999950579
PRTNPKSAGAV,9.423498507999629
PSTKQDSTSAL,8.259318219042623
TRTKPKSASVV,8.328500819001304
TSANPKFTGVL,8.617253027154383
PRAKPDSTSVL,9.39586121998507
PRANQKSAGAL,9.362024336355589
PSAKPDSASAV,8.308052717608875
PRTKQDSAGVV,9.450463985360171
TSAKPDSTSAL,7.0
PSANPDFTSVV,9.24807574477101
TRAKPKSTSAL,7.765532942389958
PSTNPKSTGVV,9.273247861678
PSTKPKFASVL,9.42563686313242
TRTNQDSTGAV,8.745494233005596
PRTNPKSASVV,9.435474654851436
TRAKQKSASVL,7.700227521567455
PRTKQKFTGVV,9.576540101910082
TSANPDFAGAV,8.83951191330794
TRANQDSASAV,8.420931580583568
PSTKQDFAGAV,9.379011325595917
PSTKPDFASVV,9.321952649988283
PSAKQKSAGAV,8.84221818346701
TSAKQKFASAV,9.120255110348204
PRTNQKFTGVV,9.519346649971943
PRTKQKSTSVL,9.504671384131766
TRANPKSTSVL,8.529288333619391
PRAKPKSASVV,9.464321253619616
PSANPDSTGVL,9.059964338779006
PSAKPKFASAV,9.493548334232392
PSTNPKFAGAL,9.400170846139623
TSTNQKSASVV,7.0
PRAKQKFASVV,9.566118890684091
TSAKPKFASVV,8.742122505053194
PRANPKSASVV,9.439849837094572
TRAKPDFASAL,9.3707508966366
PRTNPDFTSVV,9.417141678422764
PRTKQDSTSAV,9.443180698595404
PSTNQDSTSVV,8.508993073116525
PRAKPDFTSVL,9.392849114024854
PSTNQKSTGAL,8.437535588453683
TSTNQDSTGAL,7.0
TRTKQDSASAV,8.767206661929587
TRTNPKSTGAV,8.575568734877066
TSTKQDSAGAL,7.0
TSTNPKSAGVV,7.518110842376347
PRTKQDFAGAL,9.466514406816186
PRANPDFASVV,9.44725020593331
TRAKQDSAGVL,9.091170832717172
TSTKQKFTGAL,8.98055277166273
TSTNPDFAGAV,8.952642123032408
PSAKQKSASAV,8.367656721896909
PSTNQDFAGAL,9.228160828517105
TSTKQDFTSVV,8.456878683071574
PSAKPKSASAV,8.441693088195185
PSANPKFTSVL,9.444643770354018
PSAKPDFTSAL,9.214177237011237
PRTKQKSTSVV,9.48272173609864
TSANPDSTGVV,8.306948328822758
PSAKPKFAGVL,9.43222894722271
PSAKQDSASVV,8.817802987138386
TSTNQDFASAV,8.825016799485784
TSTKPDFAGVL,9.073988987255882
PSTNQKSTSAV,8.508603634267187
PSANQKFASAL,9.304807953357177
PRANQDFTSAL,9.34345443290082
TRTNPKSTGVV,9.133078993936545
PSTKQDFAGVL,9.354434891257403
TRAKPKSAGVL,8.60245863637561
TSAKQDSAGVL,7.0
PRANQDSASAV,9.338492632065234
PRANQKFAGVV,9.550003404853806
PRTNQDSTSVV,9.377545002061083
PSTKPDSTGVV,9.273180612339516
TSANPKFTGAV,8.646355667625679
TRANPKFASVV,9.01921685944685
TSTKPKFTGAL,8.988914353286406
PSAKQKSTGVL,9.322800295670502
TSTNPDFAGVL,8.93214859881787
PSAKQDSTGVL,9.171531427811146
PSTNQDFAGVV,9.30581764749025
PRTKPKFTGVV,9.562446874407309
TRTKQKSTSAL,7.533963392287163
PRANQDFASAL,9.364113409564828
PSANPDSTGAV,8.899969826613363
PRAKQKFAGAL,9.56622105173618
PSANQDSTSAV,8.313322795675665
TRTKQDFTSVV,9.428292330778524
PRANPDSAGVV,9.41014435329306
TSANQKFASVV,8.607042974617535
TRANQDFASAV,9.422208915073387
TSAKQKFAGAL,8.69578701789889
PRTNPKFAGVL,9.55668567453514
TSTKPDSTSVV,7.0
PRTNQKSTGVV,9.473507361245469
PRAKQDFTGVL,9.53476414105045
PSANPKFAGVL,9.39699497655395
TSAKQDSTGVL,8.258429094146992
PRAKQDFTSVL,9.397222520523565
TRTNPKSTGVL,9.24570212784707
TSANQKFASAL,8.663806036459206
PRAKPKSAGAV,9.494376319946308
TSTNQKFTGVV,8.741593092110085
TRANPKSASVV,7.831242340353545
PRAKQKSTSAL,9.412325284235353
TSTKPKSTGAL,7.0
TSANQDSTGAL,7.0
PSTKQDFASAL,9.271635167122442
TSTKPKSTGVL,8.976487176873515
TSTNQDSASVV,7.0
TSAKQDFAGAV,9.165934390334828
TSTKQDSASVV,7.0
TSTNQDFASVV,8.598030909087663
PSANQDSAGAV,9.021032237536218
TRTNQDSTSVV,8.700313986493258
PRTKPKFAGVL,9.591055862104758
PSANPKFAGAL,9.38330151860076
TSAKQKFASVV,8.765232958987378
TRTKPDSASAL,8.431297023958962
PRANQDSASVL,9.303411883522724
PSAKQKFAGAV,9.473153221865752
PSANPKFASVV,9.430532697124502
TSTNQKSTSVL,7.0
TRANQKSTGVV,9.146978281152396
PSTKQKFASAL,9.479557101841282
PRAKQKFASAV,9.562647778701091
TRANPDSASVV,8.683825482947565
TRTKQDFASAV,9.413600547360195
TSANPDSTSVL,7.0
TSTNQDFTSAL,8.162385608275713
PRAKPKSASAL,9.330131831548806
TSAKQDFTSAL,8.26175846935934
PRAKQDFAGVV,9.525433375067404
PSTKPKSTGAL,8.854970075665689
TRANQKFTGAL,9.08518923796216
TSANQKSTSVL,7.0
PSAKPDSTGAV,9.136795486169191
TRTNQKFAGVL,9.188631367449672
TRAKQDFTSVL,9.418707034029284
TSAKQDSTSAV,7.0
PSAKQDSTGAL,9.037161473310029
PRAKPDFTSAL,9.401068245821005
PRTNPKSAGVL,9.408258426106798
PSTKQKSTGVL,9.42030178369854
PRANPDSTSVV,9.428003005437196
PSANQDFAGAL,9.226719228449747
PRTKPDFTSVL,9.4003103018068
TRANPKFASVL,8.840977806304616
PSANPDSAGVL,9.122124680081548
PRTNPKSAGVV,9.43220619311592
PSTNQKSTSVL,8.4652472616562
PSANQDSASAL,7.763421418793478
TRTKQKFASVV,9.324717982573668
PRTNPKSTSAV,9.368097081454648
PSTKPDSTGAL,9.109150282263007
TRTNQDFASAV,9.35227511103744
TSTKPDFTSAV,8.365247001080784
PRTNPKSASAL,9.262510252249635
PSTKPDFTSVV,9.287167289668927
PSAKQDSAGAV,9.168559018915769
TSTNPDFAGVV,9.03906493909146
PRTKPDSASAV,9.39035629259181
PSTNQKSASAV,8.182152671464321
TRANQDFTSVL,9.363190064197813
TRANQKSASVL,7.382342442501422
PRTKQDSASVL,9.389392876501637
PRAKQDFASVL,9.42575481137728
TRTKQDFAGAV,9.447136471752229
TRANPDFASVL,9.303973688139044
PSTNQDSTGVV,9.16056868650024
PSTKPDSTSAV,8.35021186310316
TRANQDSTGVV,9.364477463682167
TRAKPKSAGAL,7.981385218685765
TRANQKSTSVL,8.523441062453074
TSTNQKSTGVL,8.483562772843436
PRAKPDSTGVV,9.477520274476683
TSTNPKSTGVL,8.721397653828765
TSAKQKSTSAV,7.0
PRTKQDSTGAV,9.42026129613515
PRANPKFAGVV,9.547093071488968
PSAKPDSASVL,8.545749578871385
PRANPKFAGVL,9.52481646223766
PRTNQDFASVV,9.427714192184714
PRTNPKFTGAV,9.548351601080697
PRTNPKFTSVV,9.484975171622564
PRTNQKFTGAV,9.580436536460928
PSTNPDFTSVV,9.222512030412188
TSTKQKSTGAL,7.0
TRTNQDSAGVV,9.101960120640683
PRTNQKSTGVL,9.476913907014962
PRAKQDFTSVV,9.435642748282095
PSTNPDFAGVV,9.33551619678847
TSAKPDSTGVV,8.334613188109143
TSTKQKSAGAV,7.0
PSANQKSTSAV,8.266553648715819
PRANQKFTSAV,9.728612340845473
PSAKQKFTGVV,9.466302519055183
TSAKPDSASAL,7.0
PSTKQDSTSVL,8.399224701111171
PRTNQDSAGVV,9.375407070640616
PSANPKSAGAL,8.253232628725888
TSANPDFASAV,8.592944122221606
TRANQDSAGVV,9.12037096001164
TSAKPKSASAV,7.0
PSTKPKFASAL,9.4566780302437
TRAKPKSTGVV,9.396146952608516
PSANPKFAGVV,9.419093972574224
PRTNQDFAGVL,9.44074382722503
TRAKQKFASAV,9.21756477133897
TSANQDFASAV,8.599467346836041
TSTNQDSASAV,7.0
TSTNQDSTSAL,7.0
PSTNQKFTSAV,9.393760233635902
TRTNPDFAGAL,9.340478104035936
TRANPKSTGAL,8.511840584964796
TSANPDFAGVV,9.004220782158468
PSAKQKFAGAL,9.417079505081048
TRTNPDFASVV,9.305627887071347
TSAKPDFAGAL,9.00296495628089
TSAKQKFTSVV,8.523785283838187
TSAKPKFTGAV,8.879451634907118
TSANQDSAGAL,7.0
TRAKQDFAGAV,9.483269077436663
PRAKPKFTGVL,9.55850048802696
PRTKPDSTGVV,9.465906526245544
PRANPKFTGAL,9.517497228452484
TSANPKSTGVV,8.639133960860951
TSANPKFAGAL,8.531478451398288
PRTNPKFAGAV,9.540868877180712
PRTNPKFASVV,9.51537443652439
TRTNPKFTSVV,8.443665598876125
TRTNPDSTGAV,8.974133564912004
PRAKQKSTGAV,9.52099858783578
TRTKPKFAGAL,9.1300711106993
PSANQKSTSVV,8.572924996648565
PRANQKSTSVV,9.455140737417944
PRAKPKFTGAL,9.521062859721946
PRTKPKSASVL,9.478434698000328
TRAKPDFTSAL,9.411324750635506
TRTKPDFAGAV,9.432333079957036
PRTKQDFAGVL,9.486560442709466
PSTKQKFAGAL,9.453824481718785
PRAKPDFAGAL,9.486914874545842
PSTKPDSTSAL,8.238818743887872
PRANQKFTGVV,9.53300746026538
TSAKPKSAGAV,7.0
PSTNQKFASAV,9.428953933489824
TSANQDSTGAV,7.0
TRAKPDSTGAV,9.28073079795374
PRANQKFASVL,9.486791891676312
PSANPDSTGAL,8.798410069607746
PSTKQKFTSAV,9.44646199336117
TRANQKSTSAV,7.689834162409595
TRAKQDSTGVV,9.444671080603634
TRAKPDSASAL,8.382687592629749
TRAKPDSTSAL,8.33837228809797
PRAKPKFAGVV,9.581211619467329
PSAKPDSTGAL,9.024933125215927
TRTKQDSTSAV,8.57561472055016
PSAKQKSTGVV,9.380728853708776
PSTNPDFTSVL,9.213310678095372
TRTNQKSASVL,7.41501228897604
PRTNQDFASAL,9.388598928362557
TRTNQDSTSAL,8.111803496351198
TSAKQDSTSVV,7.0
PSAKPKFAGVV,9.464198280138833
PRTKPDSTSAV,9.427263278252456
TSANQDFAGAL,8.75776240301573
PRTKQKFASAL,9.504157066180529
PSAKQDFASAV,9.362876655223287
TSTKPKSTGAV,7.24764726777394
PSANQDFAGAV,9.30341442464934
PRAKQKFTGAV,9.583889884392816
PSTNQDFTSVL,9.208041377216915
TRTKQKSASVL,7.65890614513812
PRTKQDFTSVV,9.48182513680833
PSTNPDFTSAL,9.14891697396528
TRTNPDFTSAV,9.377565285833477
PRTNQDFAGVV,9.443397064938802
TSAKQDSTGAL,7.0
TSTKQDFTSVL,8.342848900189788
PRTKPKSAGVV,9.501663008656855
PSAKPKFTGVL,9.469689007926346
TSTNPDSASVV,7.0
PRTNQDFTSAV,9.410173978007522
PRANQDSTGAV,9.365186812252537
PSTKPDSTGVL,9.23906126983272
PSANQKSTGAV,8.690252342772611
PSANPDFASAV,9.256472672013176
PRAKQKSTSVV,9.505266486366272
PRTKQDSASAL,9.375504677665726
PRAKQKSAGAV,9.475266368841526
TSAKPKFAGVL,8.636436101396109
TRTKPKFAGAV,9.29287701819734
TSTNPKSTGVV,8.544699377765625
PRANPDSTGAV,9.370091941116089
PSANPDFTSAV,9.202303600988584
TSTKPDSASVV,7.0
PRTNQKFTGVL,9.550002671166991
TRAKPDSTGVL,9.42057401880235
PSAKPDSTGVV,9.276046059673538
TSAKPDSAGAV,7.0
TSANQKFTGAL,8.702893591723258
TRANQKFASAV,8.980601271979971
PSTKPKFTGAV,9.469846637850695
PSTKPKSASVV,8.823013522320467
TSANQKSAGVL,7.0
TRANPKSASAL,7.0
TRTKQKFTGAV,9.283273102336704
TRANQKSAGVL,8.179418384599153
TSAKPDFASVV,8.746715034439712
TSTKPDFASAV,8.936913461558236
TSTKPKFTGVL,9.06241090395943
TRTNPDSTSVL,8.579251627970152
TSTNPDSAGAL,7.0
PRANPDFASVL,9.413330262278272
PRAKQKFAGAV,9.599715745137134
TRTNPKSASVV,7.689862529009912
PRTNQKFAGVV,9.55509374768961
PSANQDSASVV,8.65631353680059
PSTKPKSTSAV,8.515629075667652
TSTNPDFTSVV,8.27975659872866
TRTKQKFASVL,9.164232521540049
PRTNPKFTSVL,9.43804290470416
TSAKPDFTSAL,8.194353323730365
PSTKQDFTSAL,9.20744608600261
TRTNPDFTSVL,9.364892629908594
PRTKPKFASVL,9.529446121388562
TSANPKFTSAV,7.0
PSAKPDFASVV,9.334594740940831
TSAKQDFTSAV,8.440994664000925
PSAKPKSTGVL,9.340628555576172
PSAKPKSASAL,7.919290093567364
TSAKPKSASVV,7.0
TSANPKFASVV,8.647936405565803
TRTNQDFTSAL,9.351649617639415
TSTKQDSASAL,7.0
TRANQKFAGVL,9.162828523794133
PRANQDSAGVV,9.373831325643389
TSTNQKSASVL,7.0
PSANQDFTGAL,9.103418895618974
PSAKQKFTGVL,9.441809883406943
TRTNQDSAGAL,8.653752427472657
TSTNQKSAGVV,7.166186955648382
PRTNQDSASVV,9.36338878372792
PSANQKSAGVV,9.068973670254035
TSAKQKSTGAL,7.0
PSTKQDFAGVV,9.380726014134266
TSTNPKFASAL,9.00139839766343
PRTNQKSTSVV,9.431308690950116
PSTKPDFAGVV,9.372119251073364
TRTKPDFASVL,9.349953019248357
TSAKPKFASAL,8.78587051119819
PSAKQDFTSAL,9.213569420409575
PSAKQKSASAL,7.985359903523991
PSANPKSAGVL,8.956922178538308
TRTKPDSTSVV,8.97628830610465
TSANPKFAGVL,8.51558381142731
TSANPKFTSVL,8.26494713772113
PRTNQDSTSAV,9.3496560956154
PRTKPKFASAL,9.515921001465864
PRAKQDSAGAV,9.43812956495896
TSTKQKSTSAV,7.0
PRTKPDFASVV,9.466931428774709
TRANQDFAGAV,9.398008628829889
TSTNQKSTGAV,7.0
TSAKPDFAGVV,9.288871122218644
TSAKPKSTSVL,7.0
PRTNPKSTSVL,9.452906114803485
TSTKQDSAGAV,7.0
PSTKPDSAGVV,9.258982875430496
PSANQKSASAV,7.977069151458301
PSTKQDFTSVL,9.234716580216148
TRANPDSAGVL,9.099638733080823
TSANQKFAGVV,8.489019879624086
PRTNQDSAGVL,9.367333681658009
TSTNPKSASVL,7.0
PRANPKSTGVV,9.462486568587448
PSAKQKSAGVL,9.064109974021273
PSTNPKSAGAL,8.402984961196031
TSTNPKSASVV,7.0
TRTNPKSASVL,7.592958845940077
TRTNPKFASVL,8.91838766292194
TRTNQDSTGVL,9.312837084792838
PRTKPDSTSAL,9.372253298264347
PRAKPKFAGAV,9.570108156631278
TSTKPKSASAV,7.0
TRTNQKSTGVL,9.253228562037558
TRANPDFTSAL,9.330347553397436
TRANPKSAGAL,7.700129112772219
PRTKQKSTGVL,9.489012015069545
TRAKQDFASVV,9.477220127099123
TSANPKSTSAV,7.0
TRAKQDFTSAL,9.424901193529829
TRANPDSASAL,8.169565436921623
PRANPDSTSAL,9.335690190939118
TRTNPDSAGAL,8.69542378257853
TSTNPDSASAV,7.0
TSAKQKSTSAL,7.0
TRTNPDSAGAV,8.739367267596817
TSTNPKSTSVL,7.0
TRAKQKFAGAL,9.020940487329923
TSANPDSASVL,7.0
TRANPDSTSVL,8.6120176436868
PRANPDSASAV,9.36296204962714
TRANPDSAGAV,8.6828351094055
TSTKQDSTSAL,7.0
TRTKPKSAGAV,8.219894425914179
TSANQKSTGAL,7.0
PSTKPKSASVL,8.583485860604133
TRTNPKSAGVV,8.44796312805945
TRTNQKFTGVL,9.326100081129594
PSTNQDSASVL,8.209400147665221
TSANQKFTGAV,8.69355139576954
TRTKPKSASVL,7.768850970472603
TSTNPKFAGVL,8.592533394111195
PSTNQDFASVL,9.20181303854855
PSTNPDFASAL,9.19597895073098
TSANQDSTGVL,7.758954659052073
TSANQDSAGVL,7.0
PRANPKFAGAL,9.527271477188894
TRAKPKSTGAV,8.541395728643735
TSTNPKFTGAL,8.933714269213903
PSTNPDSASAL,7.815740352068007
TRTNQDFASVV,9.34408386454136
TRAKPDFAGVV,9.462190963613052
TRAKQKSASAL,7.211864973681932
TSTKPDFTSVV,8.238805247488823
PSTNQKFAGVV,9.44745161627959
PSTKPDFTSVL,9.188559076608678
TSTKPKSTSAV,7.0
TSTNQKFTGVL,8.785223267980237
PRAKPDSTSAL,9.40731176370256
PSTNPKFTGAL,9.435148614000733
PRTNPDFASAV,9.42630231189463
TSAKQKSAGAV,7.0
TRTNPKFAGVL,9.230111664770831
PSANPDSAGVV,9.181158313743426
TRTKQKSASAL,7.615221082431248
TRAKQKFTGVV,9.504652037245735
PSAKPKSAGVV,9.181884276578044
PRTKQKFASVL,9.534000910038548
